title,view_count,url,Published
2023년 정기 정보통신산업기사 4회 필기 가답안,5644,https://www.comcbt.com/xe/anne,
바리스타 2급 필기 기출문제 및 CBT 2012년 11월 10일(22회),145428,https://www.comcbt.com/xe/b2,Y
대기환경기사 필기 기출문제 및 CBT 2022년 04월 24일(2회),69368,https://www.comcbt.com/xe/b4,Y
산림기사 필기 기출문제 및 CBT 2022년 04월 24일(2회),46308,https://www.comcbt.com/xe/b5,Y
공유압기능사 필기 기출문제 및 CBT 2016년 07월 10일(4회),19520,https://www.comcbt.com/xe/b6,Y
항공산업기사 필기 기출문제 및 CBT 2020년 08월 22일(3회),29319,https://www.comcbt.com/xe/b7,Y
무선설비기사 필기 기출문제 및 CBT 2023년 10월 07일(4회),11040,https://www.comcbt.com/xe/b8,Y
조경기사 필기 기출문제 및 CBT 2022년 03월 05일(1회),48000,https://www.comcbt.com/xe/b9,Y
무선설비산업기사 필기 기출문제 및 CBT 2023년 03월 21일(1회),4260,https://www.comcbt.com/xe/bb,
산림산업기사 필기 기출문제 및 CBT 2020년 08월 22일(3회),19818,https://www.comcbt.com/xe/bc,Y
설비보전산업기사 필기 기출문제 및 CBT 2020년 08월 22일(3회),36453,https://www.comcbt.com/xe/bd,Y
기계설계산업기사 필기 기출문제 및 CBT 2020년 08월 22일(3회),43605,https://www.comcbt.com/xe/be,Y
전자기사 필기 기출문제 및 CBT 2022년 04월 24일(2회),20570,https://www.comcbt.com/xe/bf,
승강기기사 필기 기출문제 및 CBT 2022년 04월 24일(2회),19188,https://www.comcbt.com/xe/bg,Y
화공기사 필기 기출문제 및 CBT 2021년 08월 14일(3회),14799,https://www.comcbt.com/xe/bi,
건설안전산업기사 필기 기출문제 및 CBT 2020년 08월 22일(3회),77086,https://www.comcbt.com/xe/bj,Y
임상심리사 2급 필기 기출문제 및 CBT 2022년 03월 05일(1회),65342,https://www.comcbt.com/xe/bk,Y
방송통신산업기사 필기 기출문제 및 CBT 2022년 10월 08일(4회),1052,https://www.comcbt.com/xe/bn,
컴퓨터응용가공산업기사 필기 기출문제 및 CBT 2020년 08월 22일(3회),16756,https://www.comcbt.com/xe/bo,
품질경영기사 필기 기출문제 및 CBT 2022년 04월 24일(2회),42541,https://www.comcbt.com/xe/bp,Y
침투비파괴검사기능사 필기 기출문제 및 CBT 2016년 07월 10일(4회),11193,https://www.comcbt.com/xe/bq,
천장크레인운전기능사 필기 기출문제 및 CBT 2016년 07월 10일(4회),16961,https://www.comcbt.com/xe/br,Y
항공기관정비기능사 필기 기출문제 및 CBT 2016년 07월 10일(4회)(복원중),4859,https://www.comcbt.com/xe/bs,Y
건축산업기사 필기 기출문제 및 CBT 2020년 08월 22일(3회),36916,https://www.comcbt.com/xe/bt,Y
컬러리스트산업기사 필기 기출문제 및 CBT 2020년 08월 22일(3회),15506,https://www.comcbt.com/xe/bu,Y
식물보호기사 필기 기출문제 및 CBT 2022년 04월 24일(2회),44356,https://www.comcbt.com/xe/bv,Y
산업위생관리기사 필기 기출문제 및 CBT 2022년 04월 24일(2회)(해설집 포함),97268,https://www.comcbt.com/xe/bw,Y
용접산업기사 필기 기출문제 및 CBT 2020년 08월 22일(3회),20395,https://www.comcbt.com/xe/bx,
이용사 필기 기출문제 및 CBT 2016년 07월 10일(4회)(복원중),17201,https://www.comcbt.com/xe/by,Y
공조냉동기계기사 필기 기출문제 및 CBT 2021년 08월 14일(3회),21093,https://www.comcbt.com/xe/bz,Y
컴퓨터활용능력 1급(컴활 1급) 필기 기출문제 및 CBT 2020년 07월 04일(2회)(해설집 포함),2045530,https://www.comcbt.com/xe/c1,Y
컴퓨터활용능력 2급(컴활 2급) 필기 기출문제 및 CBT 2020년 07월 04일(2회)(해설집 포함),1429988,https://www.comcbt.com/xe/c2,Y
전자상거래운용사 필기 기출문제 및 CBT 2025년 06월 07일(1회),173,https://www.comcbt.com/xe/c4,
기상기사 필기 기출문제 및 CBT 2022년 03월 05일(1회),8982,https://www.comcbt.com/xe/c5,
금속재료시험기능사 필기 기출문제 및 CBT 2016년 01월 24일(1회),5104,https://www.comcbt.com/xe/c6,
패션머천다이징산업기사 필기 기출문제 및 CBT 2020년 08월 22일(3회)(복원중),3632,https://www.comcbt.com/xe/c7,
"패션디자인산업기사 필기 기출문제 및 CBT 2020년 06월 06일(1, 2회 통합)(복원중)",4491,https://www.comcbt.com/xe/c8,
인간공학기사 필기 기출문제 및 CBT 2022년 03월 05일(1회)(해설집 포함),58919,https://www.comcbt.com/xe/c9,Y
화약류관리기사 필기 기출문제 및 CBT 2021년 09월 12일(4회),8887,https://www.comcbt.com/xe/ca,Y
산업안전지도사 필기 기출문제 및 CBT 2025년 03월 29일(15회),7121,https://www.comcbt.com/xe/caa,
항공전자정비기능사 필기 기출문제 및 CBT 2016년 04월 02일(2회)(복원중),2595,https://www.comcbt.com/xe/cab,
통신기기기능사 필기 기출문제 및 CBT 2016년 10월 08일(4회)(복원중),2791,https://www.comcbt.com/xe/cac,
정보통신기능사 필기 기출문제 및 CBT 2023년 03월 21일(1회),8782,https://www.comcbt.com/xe/cad,
수산양식기능사 필기 기출문제 및 CBT 2016년 04월 02일(2회)(복원중),2593,https://www.comcbt.com/xe/cae,
광학기사 필기 기출문제 및 CBT 2022년 04월 24일(2회),6553,https://www.comcbt.com/xe/caf,
미용장 필기 기출문제 및 CBT 2018년 03월 31일(63회)(복원중),4803,https://www.comcbt.com/xe/cag,
제강기능장 필기 기출문제 및 CBT 2018년 03월 31일(63회)(복원중),7111,https://www.comcbt.com/xe/cah,Y
제선기능장 필기 기출문제 및 CBT 2018년 03월 31일(63회),10184,https://www.comcbt.com/xe/cai,Y
압연기능장 필기 기출문제 및 CBT 2018년 03월 31일(63회),8157,https://www.comcbt.com/xe/caj,Y
이용장 필기 기출문제 및 CBT 2018년 03월 31일(63회)(복원중),2460,https://www.comcbt.com/xe/cak,
철도차량정비기능장 필기 기출문제 및 CBT 2018년 03월 31일(63회)(복원중),4227,https://www.comcbt.com/xe/cam,
건설기계정비기능장 필기 기출문제 및 CBT 2018년 03월 31일(63회)(복원중),3540,https://www.comcbt.com/xe/can,
주조기능장 필기 기출문제 및 CBT 2017년 07월 08일(62회)(복원중),4890,https://www.comcbt.com/xe/cao,
건축일반시공기능장 필기 기출문제 및 CBT 2017년 07월 08일(62회)(복원중),2298,https://www.comcbt.com/xe/cap,
금형제작기능장 필기 기출문제 및 CBT 2018년 03월 31일(63회)(복원중),2292,https://www.comcbt.com/xe/caq,
표면처리기능장 필기 기출문제 및 CBT 2017년 07월 08일(62회)(복원중),2006,https://www.comcbt.com/xe/car,
판금제관기능장 필기 기출문제 및 CBT 2018년 03월 31일(63회)(복원중),1410,https://www.comcbt.com/xe/cas,
건축목재시공기능장 필기 기출문제 및 CBT 2018년 03월 31일(63회)(복원중),1574,https://www.comcbt.com/xe/cat,
귀금속가공기능장 필기 기출문제 및 CBT 2017년 07월 08일(62회)(복원중),2052,https://www.comcbt.com/xe/cau,
귀금속가공산업기사 필기 기출문제 및 CBT 2020년 08월 22일(3회)(복원중),2177,https://www.comcbt.com/xe/cav,
임업종묘기능사 필기 기출문제 및 CBT 2016년 04월 02일(2회)(복원중),2883,https://www.comcbt.com/xe/caw,
한복산업기사 필기 기출문제 및 CBT 2020년 08월 22일(3회)(복원중),967,https://www.comcbt.com/xe/cay,
표면처리산업기사 필기 기출문제 및 CBT 2020년 08월 22일(3회)(복원중),2431,https://www.comcbt.com/xe/caz,
주택관리사보 1차 필기 기출문제 및 CBT 2025년 06월 28일(28회),2815,https://www.comcbt.com/xe/cc,
"반도체커스텀레이아웃산업기사 필기 기출문제 및 CBT 2020년 06월 06일(1, 2회 통합)(복원중)",8626,https://www.comcbt.com/xe/cca,
제품응용모델링기능사 필기 기출문제 및 CBT 2015년 07월 19일(4회)(복원중),1174,https://www.comcbt.com/xe/ccb,
항로표지기능사 필기 기출문제 및 CBT 2016년 07월 10일(4회),2688,https://www.comcbt.com/xe/ccc,
정밀측정기능사 필기 기출문제 및 CBT 2016년 04월 02일(2회)(복원중),2295,https://www.comcbt.com/xe/ccd,
선체건조기능사 필기 기출문제 및 CBT 2016년 07월 10일(4회)(복원중),876,https://www.comcbt.com/xe/cce,
"의류기사 필기 기출문제 및 CBT 2020년 06월 06일(1, 2회 통합)(복원중)",2663,https://www.comcbt.com/xe/ccf,
피아노조율기능사 필기 기출문제 및 CBT 2016년 01월 24일(1회)(복원중),3227,https://www.comcbt.com/xe/ccg,
"조선기사 필기 기출문제 및 CBT 2020년 06월 06일(1, 2회)(복원중)",3841,https://www.comcbt.com/xe/cch,
"건축일반시공산업기사 필기 기출문제 및 CBT 2020년 06월 06일((1, 2회)(복원중)",1879,https://www.comcbt.com/xe/cci,
원자력기사 필기 기출문제 및 CBT 2023년 09월 17일,5674,https://www.comcbt.com/xe/ccj,Y
주조기능사 필기 기출문제 및 CBT 2015년 10월 10일(5회)(복원중),3213,https://www.comcbt.com/xe/cck,
"건축목공산업기사 필기 기출문제 및 CBT 2020년 06월 06일(1, 2회)(복원중)",3602,https://www.comcbt.com/xe/ccm,
철도운송산업기사 필기 기출문제 및 CBT 2020년 09월 26일(4회)(복원중),8879,https://www.comcbt.com/xe/ccn,
IoT지식능력검정 필기 기출문제 및 CBT 2020년 11월 15일(10회),8368,https://www.comcbt.com/xe/cco,
"인쇄설계기사 필기 기출문제 및 CBT 2020년 06월 06일(1, 2회 통합)",3140,https://www.comcbt.com/xe/ccp,
치공구설계산업기사 필기 기출문제 및 CBT 2020년 08월 22일(3회)(복원중),994,https://www.comcbt.com/xe/ccq,
시설원예기사 필기 기출문제 및 CBT 2022년 03월 05일(1회),8119,https://www.comcbt.com/xe/ccr,
디지털인쇄산업기사 필기 기출문제 및 CBT 2020년 08월 22일(3회)(복원중),1483,https://www.comcbt.com/xe/ccs,
"제품디자인산업기사 필기 기출문제 및 CBT 2020년 06월 06일(1, 2회)(복원중)",2437,https://www.comcbt.com/xe/cct,
목공예기능사 필기 기출문제 및 CBT 2016년 01월 24일(1회)(복원중),4656,https://www.comcbt.com/xe/ccu,
농산물품질관리사 1차 필기 기출문제 및 CBT 2024년 04월 06일(21회),4759,https://www.comcbt.com/xe/ccv,
정보보안기사 필기 기출문제 및 CBT 2023년 03월 11일,1503,https://www.comcbt.com/xe/ccw,
"조선산업기사 필기 기출문제 및 CBT 2020년 06월 06일(1, 2회)(복원중)",2151,https://www.comcbt.com/xe/ccx,
항공기사 필기 기출문제 및 CBT 2020년 08월 22일(3회)(복원중),6843,https://www.comcbt.com/xe/ccy,
항로표지산업기사 필기 기출문제 및 CBT 2020년 06월 06일(0회)(복원중),824,https://www.comcbt.com/xe/ccz,
주택관리사보 2차 필기 기출문제 및 CBT 2025년 09월 20일(28회),203,https://www.comcbt.com/xe/cd,
경영지도사 1차 1교시 필기 기출문제 및 CBT 2022년 04월 23일(37회),3972,https://www.comcbt.com/xe/cda,
경영지도사 1차 2교시 필기 기출문제 및 CBT 2022년 04월 23일(37회),2267,https://www.comcbt.com/xe/cdb,
연삭기능사 필기 기출문제 및 CBT 2016년 07월 10일(4회)(복원중),420,https://www.comcbt.com/xe/cdc,
"피아노조율산업기사 필기 기출문제 및 CBT 2020년 06월 06일(1, 2회)(복원중)",1332,https://www.comcbt.com/xe/cdd,
교통산업기사 필기 기출문제 및 CBT 2020년 08월 22일(3회)(복원중),3585,https://www.comcbt.com/xe/cde,
"철도토목산업기사 필기 기출문제 및 CBT 2020년 06월 06일(1, 2회)(복원중)",2837,https://www.comcbt.com/xe/cdf,
수산제조기사 필기 기출문제 및 CBT 2020년 06월 06일(0회)(복원중),1486,https://www.comcbt.com/xe/cdg,
선체설계기능사 필기 기출문제 및 CBT 2015년 07월 19일(4회)(복원중),1055,https://www.comcbt.com/xe/cdh,
철도토목기능사 필기 기출문제 및 CBT 2016년 04월 02일(2회)(복원중),1961,https://www.comcbt.com/xe/cdi,
"제품디자인기사 필기 기출문제 및 CBT 2020년 06월 06일(1, 2회)(복원중)",1832,https://www.comcbt.com/xe/cdj,
주조산업기사 필기 기출문제 및 CBT 2020년 08월 22일(3회)(복원중),849,https://www.comcbt.com/xe/cdk,
"섬유디자인산업기사 필기 기출문제 및 CBT 2020년 06월 06일(1, 2회)(복원중)",1309,https://www.comcbt.com/xe/cdm,
광고도장기능사 필기 기출문제 및 CBT 2016년 01월 24일(1회)(복원중),885,https://www.comcbt.com/xe/cdo,
"포장기사 필기 기출문제 및 CBT 2020년 06월 06일(1, 2회)(복원중)",2849,https://www.comcbt.com/xe/cdp,
"해양자원개발기사 필기 기출문제 및 CBT 2020년 06월 06일(1, 2회)(복원중)",1296,https://www.comcbt.com/xe/cdq,
"해양공학기사 필기 기출문제 및 CBT 2020년 06월 06일(1, 2회)(복원중)",2262,https://www.comcbt.com/xe/cdr,
신발류제조기능사 필기 기출문제 및 CBT 2016년 07월 10일(4회)(복원중),811,https://www.comcbt.com/xe/cds,
농업기계기사 필기 기출문제 및 CBT 2021년 08월 14일(3회),3943,https://www.comcbt.com/xe/cdt,
"임산가공산업기사 필기 기출문제 및 CBT 2020년 06월 06일(1, 2회)(복원중)",535,https://www.comcbt.com/xe/cdu,
"포장산업기사 필기 기출문제 및 CBT 2020년 06월 06일(1, 2회)(복원중)",1272,https://www.comcbt.com/xe/cdv,
원형기능사 필기 기출문제 및 CBT 2015년 10월 10일(5회)(복원중),461,https://www.comcbt.com/xe/cdw,
"철도차량기사 필기 기출문제 및 CBT 2020년 06월 06일(1, 2회)",6093,https://www.comcbt.com/xe/cdx,
농림토양평가관리산업기사 필기 기출문제 및 CBT 2020년 08월 22일(3회)(복원중),1067,https://www.comcbt.com/xe/cdy,
보석가공기능사 필기 기출문제 및 CBT 2016년 07월 10일(4회)(복원중),816,https://www.comcbt.com/xe/cdz,
손해평가사 1차 필기 기출문제 및 CBT 2025년 05월 10일(11회),1888,https://www.comcbt.com/xe/ce,
염색기능사 필기 기출문제 및 CBT 2016년 07월 10일(4회)(복원중),905,https://www.comcbt.com/xe/cea,
"판금제관산업기사 필기 기출문제 및 CBT 2020년 06월 06일(1, 2회)(복원중)",543,https://www.comcbt.com/xe/ceb,
광학기능사 필기 기출문제 및 CBT 2016년 04월 02일(2회)(복원중),1078,https://www.comcbt.com/xe/cec,
선박기관정비기능사 필기 기출문제 및 CBT 2016년 07월 10일(4회)(복원중),1673,https://www.comcbt.com/xe/ced,
수산물품질관리사 1차 필기 기출문제 2025년 05월 10일(10회),363,https://www.comcbt.com/xe/cee,
석공예기능사 필기 기출문제 및 CBT 2016년 07월 10일(4회)(복원중),423,https://www.comcbt.com/xe/cef,
모터그레이더운전기능사 필기 기출문제 및 CBT 2014년 01월 26일(1회)(복원중),853,https://www.comcbt.com/xe/ceg,
무선설비기능사 필기 기출문제 및 CBT 2021년 10월 02일(4회),4043,https://www.comcbt.com/xe/ceh,
방송통신기능사 필기 기출문제 및 CBT 2022년 03월 12일(1회),2184,https://www.comcbt.com/xe/cei,
식육가공기사 필기 기출문제 및 CBT 2021년 09월 12일(4회),3788,https://www.comcbt.com/xe/cej,
감정평가사 1차 1교시 필기 기출문제 및 CBT 2025년 04월 05일(36회),2250,https://www.comcbt.com/xe/cek,
감정평가사 1차 2교시 필기 기출문제 및 CBT 2025년 04월 05일(36회),760,https://www.comcbt.com/xe/cem,
"전자계산기제어산업기사 필기 기출문제 및 CBT 2020년 06월 06일(1, 2회 통합)",3025,https://www.comcbt.com/xe/cep,
임업종묘기사 필기 기출문제 및 CBT 2021년 08월 14일(3회),3281,https://www.comcbt.com/xe/ceq,
공조냉동기계기사 필기 기출문제 및 CBT 2022년 04월 24일(2회),61713,https://www.comcbt.com/xe/cer,Y
통신선로산업기사 필기 기출문제 및 CBT 2023년 03월 21일(1회),4978,https://www.comcbt.com/xe/ces,Y
설비보전기사 필기 기출문제 및 CBT 2022년 04월 24일(2회),65427,https://www.comcbt.com/xe/cet,Y
자연생태복원기사 필기 기출문제 및 CBT 2022년 04월 24일(2회),12736,https://www.comcbt.com/xe/ceu,Y
화공기사 필기 기출문제 및 CBT 2022년 04월 24일(2회),27571,https://www.comcbt.com/xe/cev,
실내건축기사 필기 기출문제 및 CBT 2022년 04월 24일(2회),33639,https://www.comcbt.com/xe/cew,Y
컨벤션기획사 2급 필기 기출문제 및 CBT 2022년 04월 24일(2회),13091,https://www.comcbt.com/xe/cex,
정보통신기사 필기 기출문제 및 CBT 2023년 06월 17일(2회),37070,https://www.comcbt.com/xe/cey,Y
소음진동기사 필기 기출문제 및 CBT 2022년 04월 24일(2회),8789,https://www.comcbt.com/xe/cez,Y
국내여행안내사 1차 필기 기출문제 및 CBT 2025년 11월 01일,143,https://www.comcbt.com/xe/cf,
방재기사 필기 기출문제 및 CBT 2022년 04월 24일(2회),13516,https://www.comcbt.com/xe/cfb,Y
연구실안전관리사 필기 기출문제 및 CBT 2025년 07월 12일(1회),408,https://www.comcbt.com/xe/cfc,
제강기능사 필기 기출문제 및 CBT 2016년 07월 10일(4회)(복원중),3097,https://www.comcbt.com/xe/cfd,
방송통신기사 필기 기출문제 및 CBT 2023년 03월 21일(1회),5251,https://www.comcbt.com/xe/cfg,
철도차량정비기능사(구) 필기 기출문제 및 CBT 2005년 04월 05일(1-3회),658,https://www.comcbt.com/xe/cfh,
철도차량정비기능사 필기 기출문제 및 CBT 2016년 04월 02일(2회)(복원중),1810,https://www.comcbt.com/xe/cfi,
방송통신산업기사 필기 기출문제 및 CBT 2023년 03월 21일(1회),1609,https://www.comcbt.com/xe/cfj,
육상무선통신사 필기 기출문제 및 CBT 2023년 03월 11일(2회),16549,https://www.comcbt.com/xe/cfk,
경영지도사 1차 필기 기출문제 및 CBT 2025년 04월 12일(40회),1389,https://www.comcbt.com/xe/cfm,
공인노무사 1차 노동법1 필기 기출문제 및 CBT 2023년 05월 27일,1930,https://www.comcbt.com/xe/cfn,
공인노무사 1차 노동법2 필기 기출문제 및 CBT 2023년 05월 27일,1010,https://www.comcbt.com/xe/cfo,
공인노무사 1차 민법 필기 기출문제 및 CBT 2023년 05월 27일,1818,https://www.comcbt.com/xe/cfp,
공인노무사 1차 사회보험법 필기 기출문제 및 CBT 2023년 05월 27일,1071,https://www.comcbt.com/xe/cfq,
공인노무사 1차 경제학원론 필기 기출문제 및 CBT 2023년 05월 27일,746,https://www.comcbt.com/xe/cfr,
공인노무사 1차 경영학개론 필기 기출문제 및 CBT 2023년 05월 27일,6507,https://www.comcbt.com/xe/cfs,
해상무선통신사 필기 기출문제 및 CBT 2023년 03월 11일,3403,https://www.comcbt.com/xe/cft,
관광통역안내사 필기 기출문제 및 CBT 2025년 09월 06일,530,https://www.comcbt.com/xe/cfu,
관광통역안내사 1교시 필기 기출문제 및 CBT 2022년 08월 20일,4799,https://www.comcbt.com/xe/cg,
지능형홈관리사 필기 기출문제 2025년 11월 30일(4회),125,https://www.comcbt.com/xe/cgc,
영상정보관리사 필기 기출문제 2025년 11월 30일(4회),358,https://www.comcbt.com/xe/cgd,
공인노무사 1차 노동법1 필기 기출문제 및 CBT 2025년 05월 24일,997,https://www.comcbt.com/xe/cge,
공인노무사 1차 노동법2 필기 기출문제 및 CBT 2025년 05월 24일,373,https://www.comcbt.com/xe/cgf,
공인노무사 1차 민법 필기 기출문제 및 CBT 2025년 05월 24일,961,https://www.comcbt.com/xe/cgg,
공인노무사 1차 사회보험법 필기 기출문제 및 CBT 2025년 05월 24일,446,https://www.comcbt.com/xe/cgh,
공인노무사 1차 경제학원론 필기 기출문제 및 CBT 2025년 05월 24일,460,https://www.comcbt.com/xe/cgi,
공인노무사 1차 경영학개론 필기 기출문제 및 CBT 2025년 05월 24일,1230,https://www.comcbt.com/xe/cgj,
정수시설운영관리사 1급 1차 필기 기출문제 및 CBT 2025년 09월 27일(38회),126,https://www.comcbt.com/xe/cgk,
정수시설운영관리사 2급 1차 필기 기출문제 및 CBT 2025년 09월 27일(38회),122,https://www.comcbt.com/xe/cgm,
정수시설운영관리사 3급 1차 필기 기출문제 및 CBT 2025년 09월 27일(38회),283,https://www.comcbt.com/xe/cgn,
건설기계정비기사 필기 기출문제 및 CBT 2022년 04월 24일(2회)(복원중),623,https://www.comcbt.com/xe/cgp,
전자상거래관리사 1급 필기 기출문제 및 CBT 2025년 06월 07일(1회),169,https://www.comcbt.com/xe/cgq,
전자상거래관리사 2급 필기 기출문제 및 CBT 2025년 06월 07일(1회),261,https://www.comcbt.com/xe/cgr,
검량사 필기 기출문제 및 CBT 2025년 05월 31일(1회),224,https://www.comcbt.com/xe/cgs,
어업생산관리기사 필기 기출문제 및 CBT 2022년 03월 05일(1회)(복원중),89,https://www.comcbt.com/xe/cgt,
관광통역안내사 2교시 필기 기출문제 및 CBT 2022년 08월 20일,2245,https://www.comcbt.com/xe/ci,
의료전자기능사 필기 기출문제 및 CBT 2016년 07월 10일(4회)(복원중),3603,https://www.comcbt.com/xe/cj,
응용지질기사 필기 기출문제 및 CBT 2020년 09월 26일(4회)(복원중),7597,https://www.comcbt.com/xe/ck,Y
정밀측정산업기사 필기 기출문제 및 CBT 2020년 08월 22일(3회)(복원중),5044,https://www.comcbt.com/xe/cm,
DIAT 정보통신상식 2015년 07월 25일 필기 기출문제(2015년 07회),11770,https://www.comcbt.com/xe/d2,
멀티미디어콘텐츠제작전문가 기출문제 안내,2180,https://www.comcbt.com/xe/d3,
멀티미디어콘텐츠제작전문가 필기 기출문제 및 CBT 2022년 03월 05일(1회),28633,https://www.comcbt.com/xe/d4,
화학분석기사 필기 기출문제 및 CBT 2019년 09월 21일(4회),7759,https://www.comcbt.com/xe/d5,
실내건축기능사 필기 기출문제 및 CBT 2016년 07월 10일(4회),33411,https://www.comcbt.com/xe/d6,
조경산업기사 필기 기출문제 및 CBT 2020년 08월 22일(3회),19004,https://www.comcbt.com/xe/d7,Y
종자기사 필기 기출문제 및 CBT 2022년 04월 24일(2회),23273,https://www.comcbt.com/xe/d8,
유기농업기능사 필기 기출문제 및 CBT 2016년 07월 10일(4회),29899,https://www.comcbt.com/xe/d9,Y
기계가공조립기능사 필기 기출문제 및 CBT 2016년 07월 10일(4회)(복원중),7991,https://www.comcbt.com/xe/da,Y
실내건축기사 필기 기출문제 및 CBT 2021년 09월 12일(4회),14042,https://www.comcbt.com/xe/dc,Y
에너지관리기사 필기 기출문제 및 CBT 2022년 04월 24일(2회),61818,https://www.comcbt.com/xe/dd,Y
설비보전기사 필기 기출문제 및 CBT 2021년 09월 12일(4회),25611,https://www.comcbt.com/xe/de,Y
가스기사 필기 기출문제 및 CBT 2022년 04월 24일(2회),37174,https://www.comcbt.com/xe/df,
수질환경산업기사 필기 기출문제 및 CBT 2020년 08월 22일(3회),18093,https://www.comcbt.com/xe/dg,Y
컬러리스트기사 필기 기출문제 및 CBT 2022년 04월 24일(2회),12599,https://www.comcbt.com/xe/dh,
버섯종균기능사 필기 기출문제 및 CBT 2016년 07월 10일(4회),15496,https://www.comcbt.com/xe/di,
폐기물처리기사 필기 기출문제 및 CBT 2022년 04월 24일(2회),24751,https://www.comcbt.com/xe/dj,
측량기능사 필기 기출문제 및 CBT 2016년 07월 10일(4회)(복원중),14096,https://www.comcbt.com/xe/dk,
자기비파괴검사기능사 필기 기출문제 및 CBT 2016년 07월 10일(4회),7192,https://www.comcbt.com/xe/dm,
자동차보수도장기능사 필기 기출문제 및 CBT 2016년 04월 02일(2회),13983,https://www.comcbt.com/xe/dn,Y
건설재료시험기사 필기 기출문제 및 CBT 2022년 04월 24일(2회),28411,https://www.comcbt.com/xe/do,Y
실내건축산업기사 필기 기출문제 및 CBT 2020년 08월 22일(3회),21526,https://www.comcbt.com/xe/dp,Y
콘크리트기능사 필기 기출문제 및 CBT 2016년 07월 10일(4회),25378,https://www.comcbt.com/xe/dr,
금속재료산업기사 필기 기출문제 및 CBT 2020년 08월 22일(3회)(복원중),6630,https://www.comcbt.com/xe/ds,
신재생에너지발전설비기사 필기 기출문제 및 CBT 2019년 09월 21일(4회),11451,https://www.comcbt.com/xe/dt,
건축설비기사 필기 기출문제 및 CBT 2022년 04월 24일(2회),71893,https://www.comcbt.com/xe/du,Y
측량및지형공간정보기사 필기 기출문제 및 CBT 2022년 03월 05일(1회),23891,https://www.comcbt.com/xe/dv,
초음파비파괴검사기능사 필기 기출문제 및 CBT 2016년 07월 10일(4회),6940,https://www.comcbt.com/xe/dw,
플라스틱창호기능사 필기 기출문제 및 CBT 2016년 04월 02일(2회)(복원중),3807,https://www.comcbt.com/xe/dx,
도시계획기사 필기 기출문제 및 CBT 2022년 03월 05일(1회),32154,https://www.comcbt.com/xe/dy,Y
산업위생관리산업기사 필기 기출문제 및 CBT 2020년 08월 22일(3회),24617,https://www.comcbt.com/xe/dz,Y
콘크리트기사 필기 기출문제 및 CBT 2021년 03월 07일(1회),30911,https://www.comcbt.com/xe/e1,Y
제선기능사 필기 기출문제 및 CBT 2016년 07월 10일(4회)(복원중),6786,https://www.comcbt.com/xe/e2,
토목산업기사 필기 기출문제 및 CBT 2020년 08월 22일(3회),17934,https://www.comcbt.com/xe/e3,
지적산업기사 필기 기출문제 및 CBT 2020년 08월 22일(3회),15243,https://www.comcbt.com/xe/e4,
침투비파괴검사기사 필기 기출문제 및 CBT 2022년 04월 24일(2회),9981,https://www.comcbt.com/xe/e5,
건설기계정비기능사 필기 기출문제 및 CBT 2016년 04월 02일(2회)(복원중),10038,https://www.comcbt.com/xe/e6,
건설기계설비기사 필기 기출문제 및 CBT 2021년 08월 14일(3회),30871,https://www.comcbt.com/xe/e7,
생산자동화산업기사 필기 기출문제 및 CBT 2020년 08월 22일(3회),14378,https://www.comcbt.com/xe/e8,Y
축산기사 필기 기출문제 2022년 03월 05일(1회)(전자문제집 CBT),27977,https://www.comcbt.com/xe/e9,Y
지적기사 필기 기출문제 및 CBT 2022년 03월 25일(1회),13805,https://www.comcbt.com/xe/ea,
유기농업기사 필기 기출문제 및 CBT 2022년 04월 24일(2회),12978,https://www.comcbt.com/xe/eb,
여성복기능사 필기 기출문제 및 CBT 2016년 07월 10일(4회)(복원중),6491,https://www.comcbt.com/xe/ec,Y
자동차차체수리기능사 필기 기출문제 및 CBT 2016년 04월 02일(2회),11462,https://www.comcbt.com/xe/ed,
건설재료시험기능사 필기 기출문제 및 CBT 2016년 04월 02일(2회)(복원중),10574,https://www.comcbt.com/xe/ee,
자연생태복원기사 필기 기출문제 및 CBT 2021년 05월 15일(2회),7352,https://www.comcbt.com/xe/eg,Y
토양환경기사 필기 기출문제 및 CBT 2022년 03월 05일(1회),12571,https://www.comcbt.com/xe/eh,Y
자기비파괴검사기사 필기 기출문제 및 CBT 2021년 08월 14일(3회),6318,https://www.comcbt.com/xe/ei,
초음파비파괴검사기사 필기 기출문제 및 CBT 2022년 03월 05일(1회),6134,https://www.comcbt.com/xe/ej,
종자기능사 필기 기출문제 및 CBT 2016년 07월 10일(4회)(복원중),10028,https://www.comcbt.com/xe/ek,
에너지관리산업기사 필기 기출문제 및 CBT 2020년 08월 22일(3회),34751,https://www.comcbt.com/xe/em,Y
방사선비파괴검사기능사 필기 기출문제 및 CBT 2016년 04월 02일(2회),5071,https://www.comcbt.com/xe/en,
화학분석기능사 필기 기출문제 및 CBT 2016년 07월 10일(4회)(복원중),19434,https://www.comcbt.com/xe/eo,
품질경영산업기사 필기 기출문제 및 CBT 2020년 08월 22일(3회),12253,https://www.comcbt.com/xe/ep,
식물보호산업기사 필기 기출문제 및 CBT 2020년 08월 22일(3회),35908,https://www.comcbt.com/xe/eq,Y
식품산업기사 필기 기출문제 및 CBT 2020년 08월 22일(3회),29630,https://www.comcbt.com/xe/et,
컨벤션기획사 2급 필기 기출문제 및 CBT 2021년 05월 15일(2회),3703,https://www.comcbt.com/xe/ev,
화재감식평가기사 필기 기출문제 및 CBT 2022년 04월 24일(2회),33554,https://www.comcbt.com/xe/ew,Y
측량및지형공간정보산업기사 필기 기출문제 및 CBT 2020년 08월 22일(3회),11651,https://www.comcbt.com/xe/ex,
압연기능사 필기 기출문제 및 CBT 2016년 07월 10일(4회),10537,https://www.comcbt.com/xe/ey,
대기환경산업기사 필기 기출문제 및 CBT 2020년 08월 22일(3회),18313,https://www.comcbt.com/xe/ez,Y
사회복지사 1급(1교시) 필기 기출문제 및 CBT 2025년 01월 11일,3563,https://www.comcbt.com/xe/f1,Y
사회복지사 1급(2교시) 필기 기출문제 및 CBT 2025년 01월 11일,1357,https://www.comcbt.com/xe/f2,Y
사회복지사 1급(3교시) 필기 기출문제 및 CBT 2025년 01월 11일,1418,https://www.comcbt.com/xe/f3,Y
열처리기능사 필기 기출문제 및 CBT 2016년 04월 02일(2회)(복원중),4443,https://www.comcbt.com/xe/f7,
잠수기능사 필기 기출문제 및 CBT 2016년 07월 10일(4회)(복원중),7440,https://www.comcbt.com/xe/f8,Y
항공장비정비기능사 필기 기출문제 및 CBT 2016년 04월 02일(2회)(복원중),3993,https://www.comcbt.com/xe/f9,
농업기계정비기능사 필기 기출문제 및 CBT 2016년 04월 02일(2회)(복원중),7230,https://www.comcbt.com/xe/fa,
시각디자인산업기사 필기 기출문제 및 CBT 2020년 08월 22일(3회),11144,https://www.comcbt.com/xe/fb,
폐기물처리산업기사 필기 기출문제 및 CBT 2020년 08월 22일(3회),11617,https://www.comcbt.com/xe/fc,Y
온실가스관리기사 필기 기출문제 및 CBT 2022년 04월 24일(2회),14074,https://www.comcbt.com/xe/fd,Y
건축설비산업기사 필기 기출문제 및 CBT 2020년 08월 22일(3회),29397,https://www.comcbt.com/xe/fe,Y
교통기사 필기 기출문제 및 CBT 2022년 03월 05일(1회),21230,https://www.comcbt.com/xe/ff,
침투비파괴검사산업기사 필기 기출문제 및 CBT 2020년 08월 22일(3회)(복원중),4581,https://www.comcbt.com/xe/fg,Y
신재생에너지발전설비산업기사 필기 기출문제 및 CBT 2020년 08월 22일(3회),13804,https://www.comcbt.com/xe/fi,Y
"화재감식평가산업기사 필기 기출문제 및 CBT 2020년 06월 06일(1, 2회 통합)",18924,https://www.comcbt.com/xe/fj,
"축산산업기사 필기 기출문제 및 CBT 2020년 06월 06일(1, 2회 통합)",15800,https://www.comcbt.com/xe/fk,
방사선비파괴검사기사 필기 기출문제 및 CBT 2021년 09월 12일(4회),6840,https://www.comcbt.com/xe/fm,
의공기사 필기 기출문제 및 CBT 2021년 09월 12일(4회),16912,https://www.comcbt.com/xe/fo,Y
식품가공기능사 필기 기출문제 및 CBT 2016년 04월 02일(2회)(복원중),9798,https://www.comcbt.com/xe/fp,Y
지적기능사 필기 기출문제 및 CBT 2016년 01월 24일(1회),12895,https://www.comcbt.com/xe/fq,Y
수산양식기사 필기 기출문제 및 CBT 2021년 08월 14일(3회),12639,https://www.comcbt.com/xe/fr,Y
가스기능장 필기 기출문제 및 CBT 2018년 03월 31일(63회),32417,https://www.comcbt.com/xe/fs,
소방시설관리사 필기 기출문제 및 CBT 2025년 05월 03일(25회),5204,https://www.comcbt.com/xe/ft,Y
정보통신산업기사 필기 기출문제 및 CBT 2023년 10월 18일(4회),5369,https://www.comcbt.com/xe/fu,
전파전자기능사 필기 기출문제 및 CBT 2011년 10월 09일(5회)(복원중),971,https://www.comcbt.com/xe/fv,
전파전자통신기능사 필기 기출문제 및 CBT 2023년 03월 11일,7512,https://www.comcbt.com/xe/fw,
전파통신기능사 필기 기출문제 및 CBT 2011년 10월 09일(5회)(복원중),750,https://www.comcbt.com/xe/fx,
타워크레인운전기능사 필기 기출문제 및 CBT 2016년 07월 10일(4회),10512,https://www.comcbt.com/xe/fy,
스포츠경영관리사 필기 기출문제 및 CBT 2021년 09월 12일(4회),20850,https://www.comcbt.com/xe/fz,Y
공인중개사 1차 필기 기출문제 2023년 10월 28일(34회),21938,https://www.comcbt.com/xe/g1,Y
공인중개사 2차 필기 기출문제 2023년 10월 28일(34회),7036,https://www.comcbt.com/xe/g2,
농기계운전기능사 필기 기출문제 및 CBT 2016년 07월 10일(4회),10742,https://www.comcbt.com/xe/g4,Y
사출(프레스)금형산업기사 필기 기출문제 및 CBT 2020년 08월 22일(3회)(복원중),4602,https://www.comcbt.com/xe/g5,
위험물기능장 필기 기출문제 및 CBT 2018년 03월 31일(63회)(해설집 포함),75780,https://www.comcbt.com/xe/g6,Y
배관기능장 필기 기출문제 및 CBT 2018년 03월 31일(63회),22338,https://www.comcbt.com/xe/g7,Y
전산회계운용사 1급 필기 기출문제 및 CBT 2020년 10월 09일(5회),17185,https://www.comcbt.com/xe/g8,Y
전산회계운용사 2급 필기 기출문제 및 CBT 2020년 10월 09일(5회)(해설집 포함),39351,https://www.comcbt.com/xe/g9,
전산회계운용사 3급  필기 기출문제 및 CBT 2020년 10월 09일(5회)(해설집 포함),18344,https://www.comcbt.com/xe/ga,
소비자전문상담사 2급 필기 기출문제 및 CBT 2020년 09월 26일(4회)(복원중),4620,https://www.comcbt.com/xe/gb,Y
배관기능사 필기 기출문제 및 CBT 2016년 04월 02일(2회)(복원중),11342,https://www.comcbt.com/xe/gc,
표면실장장비기능사 필기 기출문제 및 CBT 2016년 07월 10일(4회)(복원중),7196,https://www.comcbt.com/xe/gd,
건설재료시험산업기사 필기 기출문제 및 CBT 2020년 08월 22일(3회),5884,https://www.comcbt.com/xe/ge,Y
보석감정사(기능사) 필기 기출문제 및 CBT 2016년 07월 10일(4회),10233,https://www.comcbt.com/xe/gf,
조리산업기사(공통) 필기 기출문제 및 CBT 2019년 08월 04일(3회)(복원중),7050,https://www.comcbt.com/xe/gg,
승강기산업기사 필기 기출문제 및 CBT 2020년 08월 22일(3회),10727,https://www.comcbt.com/xe/gh,
콘크리트산업기사 필기 기출문제 및 CBT 2020년 08월 22일(3회),7001,https://www.comcbt.com/xe/gj,
축산기능사 필기 기출문제 및 CBT 2016년 07월 10일(4회)(복원중),10388,https://www.comcbt.com/xe/gk,
자동차정비기능장 필기 기출문제 및 CBT 2018년 03월 31일(63회),17086,https://www.comcbt.com/xe/gm,Y
자기비파괴검사산업기사 필기 기출문제 및 CBT 2020년 08월 22일(3회)(복원중),1946,https://www.comcbt.com/xe/gn,
용접기능장 필기 기출문제 및 CBT 2018년 03월 31일(63회)(복원중),13554,https://www.comcbt.com/xe/gp,
소음진동기사 필기 기출문제 및 CBT 2021년 09월 12일(4회),3754,https://www.comcbt.com/xe/gq,Y
"소음진동산업기사 필기 기출문제 및 CBT 2020년 06월 06일(1, 2회 통합)",2705,https://www.comcbt.com/xe/gr,
"사출(프레스)금형설계기사 필기 기출문제 및 CBT 2020년 06월 06일(1, 2회 통합)(복원중)",3604,https://www.comcbt.com/xe/gs,
금형기능사 필기 기출문제 및 CBT 2016년 01월 24일(1회),6762,https://www.comcbt.com/xe/gt,Y
컨테이너크레인운전기능사 필기 기출문제 및 CBT 2016년 07월 10일(4회),4945,https://www.comcbt.com/xe/gu,
초음파비파괴검사산업기사 필기 기출문제 및 CBT 2020년 08월 22일(3회)(복원중),1653,https://www.comcbt.com/xe/gv,
건설기계정비산업기사 필기 기출문제 및 CBT 2020년 08월 22일(3회)(복원중),6602,https://www.comcbt.com/xe/gw,
"기계조립산업기사 필기 기출문제 및 CBT 2020년 06월 06일(1, 2회 통합)(복원중)",3163,https://www.comcbt.com/xe/gx,
종자산업기사 필기 기출문제 및 CBT 2020년 08월 22일(3회)(복원중),3679,https://www.comcbt.com/xe/gz,Y
전산회계 1급 123회 기출문제,216,https://www.comcbt.com/xe/h1,
전산회계 2급 123회 기출문제,185,https://www.comcbt.com/xe/h2,
전산세무 2급 123회 기출문제,186,https://www.comcbt.com/xe/h3,
전산세무 1급 123회 기출문제,66,https://www.comcbt.com/xe/h4,
철도신호기사 필기 기출문제 및 CBT 2022년 04월 24일(2회),11813,https://www.comcbt.com/xe/hd,Y
사회조사분석사 1급 필기 기출문제 및 CBT 2020년 09월 26일(4회),6634,https://www.comcbt.com/xe/he,
디지털영상편집 2급 필기 기출문제 및 CBT 2019년 05월 11일(1회),3756,https://www.comcbt.com/xe/hf,
디지털영상편집 1급 필기 기출문제 및 CBT 2019년 05월 11일(1회),10869,https://www.comcbt.com/xe/hg,
물류관리사 1교시 필기 기출문제 및 CBT 2025년 07월 26일(29회),377,https://www.comcbt.com/xe/hh,Y
물류관리사 2교시 필기 기출문제 및 CBT 2025년 07월 26일(29회),174,https://www.comcbt.com/xe/hi,
변리사 1차(1교시) 필기 기출문제 및 CBT 2025년 02월 15일(62회),1100,https://www.comcbt.com/xe/hj,
변리사 1차(2교시) 필기 기출문제 및 CBT 2025년 02월 15일(62회),524,https://www.comcbt.com/xe/hk,
변리사 1차(3교시) 필기 기출문제 및 CBT 2025년 02월 15일(62회),495,https://www.comcbt.com/xe/hm,
금속재료기사 필기 기출문제 및 CBT 2022년 04월 24일(2회),13773,https://www.comcbt.com/xe/hn,
금속도장기능사 필기 기출문제 및 CBT 2016년 07월 10일(4회)(복원중),3001,https://www.comcbt.com/xe/hp,
귀금속가공기능사 필기 기출문제 및 CBT 2016년 04월 02일(2회)(복원중),6431,https://www.comcbt.com/xe/hq,
항공무선통신사 필기 기출문제 및 CBT 2023년 03월 11일(1회),21765,https://www.comcbt.com/xe/hr,
청소년상담사 1급(1교시) 필기 기출문제 및 CBT 2025년 09월 13일(24회),310,https://www.comcbt.com/xe/hs,
청소년상담사 1급(2교시) 필기 기출문제 및 CBT 2025년 09월 13일(24회),110,https://www.comcbt.com/xe/ht,
청소년상담사 2급(1교시) 필기 기출문제 및 CBT 2025년 09월 13일(24회),445,https://www.comcbt.com/xe/hu,
청소년상담사 2급(2교시) 필기 기출문제 및 CBT 2025년 09월 13일(24회),366,https://www.comcbt.com/xe/hv,
청소년상담사 3급(1교시) 필기 기출문제 및 CBT 2025년 09월 13일(24회),594,https://www.comcbt.com/xe/hw,
청소년상담사 3급(2교시) 필기 기출문제 및 CBT 2025년 09월 13일(24회),272,https://www.comcbt.com/xe/hx,
인터넷보안전문가 2급 필기 기출문제 2025년 10월 26일(2회),179,https://www.comcbt.com/xe/i2,
정보처리기사 필기 기출문제 및 CBT 2022년 04월 24일(2회)(해설집 포함),459019,https://www.comcbt.com/xe/iz,Y
프로그래밍기능사 필기 기출문제 및 CBT 2011년 10월 09일(5회)(해설집 포함),206135,https://www.comcbt.com/xe/j1,Y
정보기기운용기능사 필기 기출문제 및 CBT 2011년 10월 09일(5회),55163,https://www.comcbt.com/xe/j2,Y
정보처리산업기사 필기 기출문제 및 CBT 2020년 08월 22일(3회)(해설집 포함),92017,https://www.comcbt.com/xe/j3,Y
정보처리기사 필기 기출문제 및 CBT 2019년 08월 04일(3회),45209,https://www.comcbt.com/xe/j4,Y
컴퓨터그래픽스기능사 필기 기출문제 및 CBT 2016년 07월 10일(4회)(해설집 포함),113474,https://www.comcbt.com/xe/j5,Y
사무자동화산업기사 필기 기출문제 및 CBT 2020년 08월 22일(3회)(해설집 포함),106745,https://www.comcbt.com/xe/j6,Y
제과기능사 필기 기출문제 및 CBT 2011년 10월 09일(5회),91632,https://www.comcbt.com/xe/j7,Y
제빵기능사 필기 기출문제 및 CBT 2011년 10월 09일(5회),95468,https://www.comcbt.com/xe/j8,Y
웹디자인개발기능사 필기 기출문제 및 CBT 2016년 07월 10일(4회),81032,https://www.comcbt.com/xe/j9,Y
한식조리기능사 필기 기출문제 및 CBT 2016년 01월 24일(1회)(해설집 포함),182309,https://www.comcbt.com/xe/ja,Y
미용사(일반) 필기 시험문제(기출문제) 및 CBT 2011년 10월 09일(5회),75365,https://www.comcbt.com/xe/jc,Y
PC정비사 1급 필기 기출문제 및 CBT 2025년 10월 26일(2회),242,https://www.comcbt.com/xe/jd,
PC정비사 2급 필기 기출문제 및 CBT 2025년 11월 02일(4회),636,https://www.comcbt.com/xe/je,
네트워크관리사 2급 필기 기출문제 및 CBT 2025년 11월 02일(4회),3847,https://www.comcbt.com/xe/jf,
지게차운전기능사 필기 기출문제 및 CBT 2011년 10월 09일(5회)(해설집 포함),343153,https://www.comcbt.com/xe/jg,Y
굴착기운전기능사 필기 기출문제 및 CBT 2013년 10월 12일(5회)(해설집 포함),62945,https://www.comcbt.com/xe/jh,Y
컴퓨터시스템기사(A형) 필기 기출문제 및 CBT 2022년 03월 05일(1회),10036,https://www.comcbt.com/xe/ji,
전산응용건축제도기능사 필기 기출문제 및 CBT 2016년 07월 10일(4회)(해설집 포함),105333,https://www.comcbt.com/xe/jj,Y
전산응용기계제도기능사 필기 기출문제 및 CBT 2016년 07월 10일(4회)(해설집 포함),90167,https://www.comcbt.com/xe/jk,Y
미용사(피부) 필기 시험문제(기출문제) 및 CBT 2011년 10월 09일(5회)(해설집 포함),52029,https://www.comcbt.com/xe/jm,Y
네트워크관리사 1급 필기 기출문제 및 CBT 2025년 10월 26일(2회),265,https://www.comcbt.com/xe/jn,
전기기능사 필기 기출문제 및 CBT 2016년 07월 10일(4회)(해설집 포함),307088,https://www.comcbt.com/xe/jo,Y
전자출판기능사 필기 기출문제 및 CBT 2016년 07월 10일(4회),16085,https://www.comcbt.com/xe/jp,Y
자동차정비기능사 필기 기출문제 및 CBT 2016년 07월 10일(4회)(해설집 포함),99025,https://www.comcbt.com/xe/jq,
용접기능사 필기 기출문제 및 CBT 2016년 07월 10일(4회)(해설집 포함),77347,https://www.comcbt.com/xe/jr,Y
특수용접기능사 필기 기출문제 및 CBT 2016년 07월 10일(4회),28304,https://www.comcbt.com/xe/js,Y
컴퓨터응용선반기능사 필기 기출문제 및 CBT 2016년 07월 10일(4회)(해설집 포함),43713,https://www.comcbt.com/xe/jt,Y
컴퓨터응용밀링기능사 필기 기출문제 및 CBT 2016년 04월 02일(2회)(해설집 포함),40067,https://www.comcbt.com/xe/ju,Y
기출문제 안내,5322,https://www.comcbt.com/xe/jv,
전기산업기사 필기 기출문제 및 CBT 2020년 08월 22일(3회)(해설집 포함),154276,https://www.comcbt.com/xe/jw,Y
조경기능사 필기 기출문제 및 CBT 2016년 07월 10일(4회),90887,https://www.comcbt.com/xe/jx,Y
위험물기능사 필기 기출문제 및 CBT 2016년 07월 10일(4회)(해설집 포함),129927,https://www.comcbt.com/xe/jy,Y
임베디드기능사 필기 기출문제 및 CBT 2016년 04월 02일(2회)(해설집 포함),17514,https://www.comcbt.com/xe/jz,
한국사능력검정시험 심화 2025년 10월 18일(76회) 기출문제 및 정답,10202,https://www.comcbt.com/xe/k1,
한국사능력검정시험 중급 2020년 02월 08일(46회) 기출문제 및 정답,6736,https://www.comcbt.com/xe/k2,
한국사능력검정시험 초급 2020년 02월 08일(46회) 기출문제 및 정답,4445,https://www.comcbt.com/xe/k3,
미용사(네일) 필기 시험문제(기출문제) 및 CBT 2016년 07월 10일(4회),42104,https://www.comcbt.com/xe/k4,Y
승강기기능사 필기 기출문제 및 CBT 2016년 07월 10일(4회)(해설집 포함),70552,https://www.comcbt.com/xe/k5,Y
조주기능사 필기 기출문제 및 CBT 2016년 07월 10일(4회),45275,https://www.comcbt.com/xe/k6,Y
인터넷정보관리사 2급 필기 기출문제 및 CBT 2020년 06월 13일(2회),6197,https://www.comcbt.com/xe/k7,
텔레마케팅관리사 1차 필기 기출문제 및 CBT 2022년 04월 24일(1회),23083,https://www.comcbt.com/xe/k8,
FAT 2급 50회 기출문제 및 CBT 2021년 12월 12일(해설 포함),6196,https://www.comcbt.com/xe/k9,
FAT 2급 7회 2014년 06월 14일 필기 기출문제 및 정답(해설 포함),1213,https://www.comcbt.com/xe/ka,
FAT 1급 50회 기출문제 및 CBT 2021년 12월 12일(해설 포함),14504,https://www.comcbt.com/xe/kb,
FAT 1급 7회 2014년 06월 14일 필기 기출문제 및 정답(해설 포함),1545,https://www.comcbt.com/xe/kc,
TAT 1급 50회 2021년 12월 12일 필기 기출문제 및 정답(해설 포함),4895,https://www.comcbt.com/xe/kd,
TAT 2급 50회 2021년 12월 12일 필기 기출문제 및 정답(해설 포함),7075,https://www.comcbt.com/xe/ke,
ERP 정보관리사 전과목 기출문제 안내,29790,https://www.comcbt.com/xe/kg,
TAT 2급 7회 2014년 06월 14일 필기 기출문제 및 정답(해설 포함),1183,https://www.comcbt.com/xe/kh,
사진기능사 필기 기출문제 및 CBT 2016년 07월 10일(4회),28297,https://www.comcbt.com/xe/kk,Y
세탁기능사 필기 기출문제 및 CBT 2016년 07월 10일(4회)(해설집 포함),17060,https://www.comcbt.com/xe/kn,Y
화훼장식기능사 필기 기출문제 및 CBT 2016년 07월 10일(4회),32081,https://www.comcbt.com/xe/ko,Y
에너지관리기능사 필기 기출문제 및 CBT 2016년 07월 10일(4회)(해설집 포함),57359,https://www.comcbt.com/xe/kp,Y
환경기능사 필기 기출문제 및 CBT 2016년 07월 10일(4회),61222,https://www.comcbt.com/xe/kr,Y
가스기능사 필기 기출문제 및 CBT 2016년 07월 10일(4회)(해설집 포함),79613,https://www.comcbt.com/xe/ks,Y
전기기사 필기 기출문제 및 CBT 2022년 04월 24일(2회)(해설집 포함),247818,https://www.comcbt.com/xe/kt,Y
산업안전기사 필기 기출문제 및 CBT 2022년 04월 24일(2회)(해설집 포함),580284,https://www.comcbt.com/xe/ku,Y
산업안전산업기사 필기 기출문제 및 CBT 2020년 08월 22일(3회)(해설집 포함),262139,https://www.comcbt.com/xe/kv,Y
항공기체정비기능사 필기 기출문제 및 CBT 2016년 04월 02일(2회),21542,https://www.comcbt.com/xe/kw,
컴퓨터시스템기사(B형) 필기 기출문제 및 CBT 2021년 09월 12일(4회),7503,https://www.comcbt.com/xe/kx,
전자산업기사 필기 기출문제 및 CBT 2020년 08월 22일(3회),14323,https://www.comcbt.com/xe/ky,
방송통신기사 필기 기출문제 및 CBT 2022년 10월 08일(4회),1442,https://www.comcbt.com/xe/kz,
한복기능사 필기 기출문제 및 CBT 2016년 04월 02일(2회)(복원중),2665,https://www.comcbt.com/xe/m5,
도자기공예기능사 필기 기출문제 및 CBT 2016년 04월 02일(2회),13748,https://www.comcbt.com/xe/m6,
원예기능사 필기 기출문제 및 CBT 2016년 04월 02일(2회)(복원중),6744,https://www.comcbt.com/xe/m7,
화훼장식기사 필기 기출문제 및 CBT 2020년 08월 22일(3회),6785,https://www.comcbt.com/xe/m8,
"의공산업기사 필기 기출문제 및 CBT 2020년 06월 06일(1, 2회 통합)(복원중)",2834,https://www.comcbt.com/xe/m9,
임산가공기능사 필기 기출문제 및 CBT 2016년 04월 02일(2회)(복원중),1248,https://www.comcbt.com/xe/ma,
"철도신호산업기사 필기 기출문제 및 CBT 2020년 06월 06일(1, 2회 통합)",6248,https://www.comcbt.com/xe/mb,Y
한국사능력검정시험 기본 2025년 08월 09일(75회) 기출문제 및 정답,2519,https://www.comcbt.com/xe/mc,
"어로산업기사 필기 기출문제 및 CBT 2020년 06월 06일(1, 2회 통합)(복원중)",2701,https://www.comcbt.com/xe/md,
방사선비파괴검사산업기사 필기 기출문제 및 CBT 2019년 09월 21일(4회),3066,https://www.comcbt.com/xe/me,
해양환경기사 필기 기출문제 및 CBT 2022년 04월 24일(2회),10935,https://www.comcbt.com/xe/mg,
직업상담사 1급 필기 기출문제 및 CBT 2020년 09월 26일(4회)(복원중),10895,https://www.comcbt.com/xe/mh,Y
가구제작기능사 필기 기출문제 및 CBT 2016년 01월 24일(1회)(복원중),15658,https://www.comcbt.com/xe/mn,
임상심리사 1급 필기 기출문제 및 CBT 2020년 09월 26일(4회)(복원중),12851,https://www.comcbt.com/xe/mo,Y
"해양조사산업기사 필기 기출문제 및 CBT 2020년 06월 06일(1, 2회 통합)(복원중)",4450,https://www.comcbt.com/xe/mp,
잠수산업기사 필기 기출문제 및 CBT 2020년 08월 22일(3회)(복원중),4090,https://www.comcbt.com/xe/mq,
"농업기계산업기사 필기 기출문제 및 CBT 2020년 06월 06일(1, 2회 통합)(복원중)",5274,https://www.comcbt.com/xe/mr,
축로기능사 필기 기출문제 및 CBT 2016년 04월 02일(2회)(복원중),1760,https://www.comcbt.com/xe/ms,
"화약류관리산업기사 필기 기출문제 및 CBT 2020년 06월 06일(1, 2회 통합)",3372,https://www.comcbt.com/xe/mt,
자연생태복원산업기사 필기 기출문제 및 CBT 2020년 08월 22일(3회),3137,https://www.comcbt.com/xe/mu,
기계정비기능사 필기 기출문제 및 CBT 2016년 07월 10일(4회)(복원중),5078,https://www.comcbt.com/xe/mv,
인쇄기능사 필기 기출문제 및 CBT 2016년 07월 10일(4회),3322,https://www.comcbt.com/xe/mw,
건설기계설비산업기사 필기 기출문제 및 CBT 2020년 08월 22일(3회)(복원중),6206,https://www.comcbt.com/xe/mx,Y
전기철도기사 필기 기출문제 및 CBT 2021년 08월 14일(3회),11565,https://www.comcbt.com/xe/my,Y
기계설계기사 필기 기출문제 및 CBT 2021년 05월 15일(2회),17235,https://www.comcbt.com/xe/mz,
토목기사 필기 기출문제 및 CBT 2022년 04월 24일(2회),78803,https://www.comcbt.com/xe/n1,Y
전산응용토목제도기능사 필기 기출문제 및 CBT 2016년 07월 10일(4회),26806,https://www.comcbt.com/xe/n2,
직업상담사 2급 필기 기출문제 2022년 04월 24일(2회)(해설집 포함),102010,https://www.comcbt.com/xe/n3,Y
직업상담사 2급 필기 기출문제 및 CBT 2009년 07월 26일(3회),4231,https://www.comcbt.com/xe/n4,Y
공조냉동기계기능사 필기 기출문제 및 CBT 2016년 07월 10일(4회),51088,https://www.comcbt.com/xe/n5,Y
전자기능사 필기 기출문제 및 CBT 2016년 07월 10일(4회),29164,https://www.comcbt.com/xe/n6,
전자캐드기능사 필기 기출문제 및 CBT 2016년 07월 10일(4회)(해설집 포함),31097,https://www.comcbt.com/xe/n7,Y
생산자동화기능사 필기 기출문제 및 CBT 2016년 07월 10일(4회)(해설집 포함),25290,https://www.comcbt.com/xe/n8,
신재생에너지발전설비기능사(태양광) 필기 기출문제 및 CBT 2016년 04월 02일(해설집 포함),26016,https://www.comcbt.com/xe/n9,Y
전자기능장 필기 기출문제 및 CBT 2018년 03월 31일(63회),11232,https://www.comcbt.com/xe/na,
통신설비기능장 필기 기출문제 및 CBT 2022년 10월 08일(4회),7973,https://www.comcbt.com/xe/nb,Y
소방설비기사(전기분야) 필기 기출문제 및 CBT 2022년 04월 24일(2회)(해설집 포함),151015,https://www.comcbt.com/xe/nc,Y
소방설비기사(기계분야) 필기 기출문제 및 CBT 2022년 04월 24일(2회)(해설집 포함),85688,https://www.comcbt.com/xe/nd,Y
식품안전기사 필기 기출문제 및 CBT 2022년 04월 24일(2회),71805,https://www.comcbt.com/xe/ne,Y
건축기사 필기 기출문제 및 CBT 2022년 04월 24일(2회),162100,https://www.comcbt.com/xe/nf,Y
위험물산업기사 필기 기출문제 및 CBT 2020년 08월 22일(3회)(해설집 포함),215138,https://www.comcbt.com/xe/ng,Y
전기철도산업기사 필기 기출문제 및 CBT 2020년 08월 22일(3회),3864,https://www.comcbt.com/xe/nh,
전기공사기사 필기 기출문제 및 CBT 2022년 04월 24일(2회),55622,https://www.comcbt.com/xe/ni,
건설안전기사 필기 기출문제 및 CBT 2022년 04월 24일(2회)(해설집 포함),203993,https://www.comcbt.com/xe/nj,Y
수질환경기사 필기 기출문제 및 CBT 2022년 04월 24일(2회),57741,https://www.comcbt.com/xe/nk,Y
설비보전기능사 필기 기출문제 및 CBT 2016년 04월 02일(2회),23310,https://www.comcbt.com/xe/nm,Y
자동차정비산업기사 필기 기출문제 및 CBT 2020년 08월 22일(3회),42139,https://www.comcbt.com/xe/nn,Y
가스산업기사 필기 기출문제 및 CBT 2020년 08월 22일(3회),44184,https://www.comcbt.com/xe/no,Y
용접기사 필기 기출문제 및 CBT 2021년 08월 14일(3회),15834,https://www.comcbt.com/xe/np,
공조냉동기계산업기사 필기 기출문제 및 CBT 2020년 08월 22일(3회),58789,https://www.comcbt.com/xe/nq,Y
전기공사산업기사 필기 기출문제 및 CBT 2020년 08월 22일(3회),24159,https://www.comcbt.com/xe/nr,
정보통신기사 필기 기출문제 및 CBT 2022년 03월 12일(1회),10643,https://www.comcbt.com/xe/ns,Y
자동차정비기사 필기 기출문제 및 CBT 2022년 04월 24일(2회),13348,https://www.comcbt.com/xe/nt,Y
전기기능장 필기 기출문제 및 CBT 2018년 03월 31일(63회),56338,https://www.comcbt.com/xe/nu,Y
소방설비산업기사(전기) 필기 기출문제 및 CBT 2020년 08월 22일(3회),57962,https://www.comcbt.com/xe/nv,Y
소방설비산업기사(기계) 필기 기출문제 및 CBT 2020년 08월 22일(3회),31872,https://www.comcbt.com/xe/nw,Y
"지게차유사(롤러,기중기등) 필기 기출문제 및 CBT 2016년 07월 10일(4회)",29072,https://www.comcbt.com/xe/nx,
일반기계기사 필기 기출문제 및 CBT 2022년 04월 24일(2회),82924,https://www.comcbt.com/xe/ny,Y
산림기능사 필기 기출문제 및 CBT 2016년 07월 10일(4회),32583,https://www.comcbt.com/xe/nz,Y
정보올림피아드 지역예선 초등부(2015년),3836,https://www.comcbt.com/xe/o1,
"정보올림피아드 지역예선 중등부, 고등부(2015년)",3446,https://www.comcbt.com/xe/o2,
